_id,genre,year,gross,inflation_adjusted_gross,movies_released,tickets_sold,gross_per_movie,tickets_per_movie,decade,top_movie,top_movie_gross,top_movie_inflation_adjusted_gross
6902a3f2df16f61a2804847d,Adventure,1995,771507571.0,1590901682.0,29,177358047.0,26603709.344827585,6115794.724137931,1990s,Toy Story,150148222.0,309615962.186208
6902a3f2df16f61a2804847f,Adventure,1997,881902843.0,1723457085.0,23,192135684.0,38343601.86956522,8353725.391304348,1990s,Men in Black,250650052.0,489832424.743661
6902a3f2df16f61a2804847e,Adventure,1996,1290490033.0,2618935504.0,34,291966054.0,37955589.205882356,8587236.88235294,1990s,Independence Day,306169255.0,621343452.214582
6902a3f2df16f61a28048481,Adventure,1999,1612432107.0,2847148684.0,27,317407880.0,59719707.666666664,11755847.407407407,1990s,Star Wars Ep. I: The Phantom Menace,430443350.0,760054461.932797
6902a3f2df16f61a28048482,Adventure,2000,1327311892.0,2208902928.0,30,246254507.0,44243729.733333334,8208483.566666666,2000s,How the Grinch Stole Christmas,253367455.0,421652300.851538
6902a3f2df16f61a28048483,Adventure,2001,2268870844.0,3595579067.0,32,400844935.0,70902213.875,12526404.21875,2000s,Harry Potter and the Sorcerer’s Stone,300404434.0,476064072.743835
6902a3f2df16f61a28048480,Adventure,1998,1614467732.0,3087798481.0,29,344236174.0,55671301.10344828,11870212.896551725,1990s,Armageddon,201578182.0,385534372.626496
6902a3f2df16f61a28048484,Adventure,2002,2818919526.0,4352101018.0,45,485184060.0,62642656.13333333,10781868.0,2000s,Spider-Man,403706375.0,623278142.353961
6902a3f2df16f61a28048485,Adventure,2003,2424131447.0,3606046052.0,46,402011823.0,52698509.717391305,8739387.456521738,2000s,Finding Nemo,339714367.0,505346215.216204
6902a3f2df16f61a28048486,Adventure,2004,2887833719.0,4171315189.0,47,465029564.0,61443270.61702128,9894246.042553192,2000s,Shrek 2,441226247.0,637326773.279
6902a3f2df16f61a28048487,Adventure,2005,2541162317.0,3556041307.0,43,396437158.0,59096798.069767445,9219468.790697675,2000s,Star Wars Ep. III: Revenge of the Sith,380270577.0,532141481.322275
6902a3f2df16f61a28048488,Adventure,2006,2743705092.0,3757409654.0,44,418886249.0,62356933.90909091,9520142.022727273,2000s,Pirates of the Caribbean: Dead Man’s Chest,423315812.0,579716429.195463
6902a3f2df16f61a28048489,Adventure,2007,2914786658.0,3687519055.0,41,411094655.0,71092357.51219513,10026698.902439024,2000s,Spider-Man 3,336530303.0,425747078.775542
6902a3f2df16f61a2804848a,Adventure,2008,3007666130.0,3082501714.0,57,343645676.0,52766072.456140354,6028871.50877193,2000s,Iron Man,318412101.0,326334707.599623
6902a3f2df16f61a2804848c,Adventure,2010,3202949362.0,3342912143.0,44,372676939.0,72794303.68181819,8469930.431818182,2010s,Toy Story 3,415004880.0,433139802.088528
6902a3f2df16f61a2804848d,Adventure,2011,2775702217.0,2910947288.0,51,324520322.0,54425533.666666664,6363143.568627451,2010s,Harry Potter and the Deathly Hallows: Part II,381011219.0,399575850.69927
6902a3f2df16f61a2804848b,Adventure,2009,2818706120.0,2889395823.0,49,322117706.0,57524614.69387755,6573830.734693877,2000s,Harry Potter and the Half-Blood Prince,301959197.0,309531964.449076
6902a3f2df16f61a2804848e,Adventure,2012,3284291528.0,3701016744.0,48,412599414.0,68422740.16666667,8595821.125,2010s,The Hobbit: An Unexpected Journey,263834893.0,297311413.533095
6902a3f2df16f61a2804848f,Adventure,2013,2900376040.0,3200023559.0,40,356747331.0,72509401.0,8918683.275,2010s,The Hunger Games: Catching Fire,407139699.0,449202658.77116
6902a3f2df16f61a28048490,Adventure,2014,2734961640.0,3002753453.0,49,334755123.0,55815543.67346939,6831737.204081632,2010s,The Lego Movie,257784718.0,283025524.301369
6902a3f2df16f61a28048491,Adventure,2015,3063807262.0,3190256960.0,51,355658524.0,60074652.196078435,6973696.549019608,2010s,Star Wars Ep. VII: The Force Awakens,742208942.0,772841448.728747
6902a3f2df16f61a28048492,Adventure,2016,4159137913.0,4288527865.0,53,478096752.0,78474300.24528302,9020693.433962265,2010s,Finding Dory,486295561.0,501424119.035773
6902a3f2df16f61a28048494,Adventure,2018,2973509668.0,2973509567.0,49,331494935.0,60683870.77551021,6765202.755102041,2010s,Incredibles 2,608581744.0,608581723.32855
6902a3f2df16f61a28048495,Action,1995,1049544278.0,2164232543.0,29,241274531.0,36191182.0,8319811.413793104,1990s,Batman Forever,184031112.0,379484820.091485
6902a3f2df16f61a28048496,Action,1996,1222675745.0,2481312400.0,36,276623456.0,33963215.13888889,7683984.888888889,1990s,Twister,241688385.0,490485223.976103
6902a3f2df16f61a28048493,Adventure,2017,2687890267.0,2687890164.0,44,299653307.0,61088415.15909091,6810302.431818182,2010s,Star Wars Ep. VIII: The Last Jedi,517218368.0,517218348.180183
6902a3f2df16f61a28048497,Action,1997,1456612580.0,2846582614.0,36,317344773.0,40461460.55555555,8815132.583333334,1990s,The Lost World: Jurassic Park,229086679.0,447692246.03319
6902a3f2df16f61a28048498,Action,1998,973161753.0,1861249543.0,30,207497162.0,32438725.1,6916572.066666666,1990s,Rush Hour,137567454.0,263108738.192646
6902a3f2df16f61a28048499,Action,1999,910203960.0,1607190753.0,25,179173997.0,36408158.4,7166959.88,1990s,The Matrix,171479930.0,302790330.445373
6902a3f2df16f61a2804849a,Action,2000,1266568598.0,2107794128.0,31,234982623.0,40857051.548387095,7580084.612903226,2000s,Mission: Impossible 2,215409889.0,358480148.540152
6902a3f2df16f61a2804849b,Action,2001,1390622699.0,2203866596.0,31,245693043.0,44858796.741935484,7925582.0322580645,2000s,Rush Hour 2,226164286.0,358426419.676607
6902a3f2df16f61a2804849e,Action,2004,1068864943.0,1543915934.0,28,172119948.0,38173747.96428572,6147141.0,2000s,"I, Robot",144801023.0,209157020.382509
6902a3f2df16f61a2804849f,Action,2005,1356922056.0,1898843943.0,41,211688288.0,33095659.902439024,5163128.975609756,2000s,War of the Worlds,234280354.0,327846267.359071
6902a3f2df16f61a280484a0,Action,2006,1050592286.0,1438749886.0,33,160395751.0,31836129.87878788,4860477.303030303,2000s,X-Men: The Last Stand,234362462.0,320951305.257518
6902a3f2df16f61a2804849c,Action,2002,1394290142.0,2152630243.0,32,239981075.0,43571566.9375,7499408.59375,2000s,Men in Black 2,190418803.0,293985636.00664
6902a3f2df16f61a2804849d,Action,2003,2109404900.0,3137870833.0,36,349818376.0,58594580.55555555,9717177.111111112,2000s,The Matrix Reloaded,281553689.0,418828603.572815
6902a3f2df16f61a280484a1,Action,2007,1489960013.0,1921394801.0,38,214202319.0,39209474.026315786,5636903.131578947,2000s,Transformers,319246193.0,411687542.026165
6902a3f2df16f61a280484a2,Action,2008,1643555898.0,1752403850.0,36,195362748.0,45654330.5,5426743.0,2000s,The Dark Knight,531001578.0,566168276.220852
6902a3f2df16f61a280484a3,Action,2009,2041030428.0,2126965368.0,31,237119885.0,65839691.22580645,7649028.548387097,2000s,Transformers: Revenge of the Fallen,402111870.0,419042268.953238
6902a3f2df16f61a280484a4,Action,2010,1804202879.0,1840783995.0,31,205215607.0,58200092.87096774,6619858.29032258,2010s,Avatar,408392727.0,416673093.855541
6902a3f2df16f61a280484a5,Action,2011,2117521464.0,2185383938.0,47,243632546.0,45053648.17021277,5183671.191489362,2010s,Transformers: Dark of the Moon,352390543.0,363683979.439133
6902a3f2df16f61a280484a6,Action,2012,2219838801.0,2501501520.0,48,278874194.0,46246641.6875,5809879.041666667,2010s,The Avengers,623279547.0,702363943.500333
6902a3f2df16f61a280484a7,Action,2013,2423174736.0,2673539438.0,45,298053449.0,53848327.46666667,6623409.977777778,2010s,Iron Man 3,408992272.0,451249739.766692
6902a3f2df16f61a280484a8,Action,2014,2603979395.0,2858958774.0,49,318724501.0,53142436.63265306,6504581.653061224,2010s,Guardians of the Galaxy,333055258.0,365667736.816302
6902a3f2df16f61a280484a9,Action,2015,2947442069.0,3038182801.0,56,338704883.0,52632894.08928572,6048301.482142857,2010s,Jurassic World,652270625.0,672351601.17833
6902a3f2df16f61a280484ac,Action,2018,4142067464.0,4142067248.0,59,461768924.0,70204533.28813559,7826591.93220339,2010s,Black Panther,700059566.0,700059529.493384
6902a3f2df16f61a280484ad,Drama,1995,1525963099.0,3146640569.0,131,350796050.0,11648573.274809161,2677832.4427480916,1990s,Apollo 13,172036360.0,354750773.510735
6902a3f2df16f61a280484ae,Drama,1996,1373074715.0,2786533451.0,121,310650329.0,11347724.917355372,2567358.090909091,1990s,A Time to Kill,108766007.0,220730972.267012
6902a3f2df16f61a280484aa,Action,2016,2533249471.0,2600865547.0,61,289951566.0,41528679.85245901,4753304.360655738,2010s,Captain America: Civil War,408084349.0,418976707.874352
6902a3f2df16f61a280484ab,Action,2017,3305708764.0,3305708467.0,67,368529372.0,49338936.7761194,5500438.388059702,2010s,Wonder Woman,412563408.0,412563370.933416
6902a3f2df16f61a280484af,Drama,1997,1198241550.0,2341661081.0,117,261054747.0,10241380.76923077,2231237.153846154,1990s,The Godfather,129141981.0,252375450.368034
6902a3f2df16f61a280484b0,Drama,1998,1577021454.0,3010019055.0,129,335565112.0,12224972.511627907,2601279.9379844964,1990s,Saving Private Ryan,190588778.0,363771749.581515
6902a3f2df16f61a280484b1,Drama,1999,1458861532.0,2575981251.0,133,287177397.0,10968883.69924812,2159228.5488721803,1990s,The General's Daughter,102705852.0,181352611.825521
6902a3f2df16f61a280484b2,Drama,2000,1749265350.0,2911114382.0,166,324538950.0,10537743.072289156,1955053.9156626507,2000s,The Perfect Storm,182618434.0,303912239.292751
6902a3f2df16f61a280484b4,Drama,2002,1601890899.0,2473142300.0,175,275712631.0,9153662.28,1575500.7485714285,2000s,A Beautiful Mind,132929755.0,205228833.139863
6902a3f2df16f61a280484b3,Drama,2001,1377189931.0,2182577736.0,151,243319703.0,9120463.119205298,1611388.761589404,2000s,Cast Away,123942702.0,196425036.10846
6902a3f2df16f61a280484b5,Drama,2003,1109221772.0,1650035554.0,174,183950452.0,6374837.770114942,1057186.5057471264,2000s,Seabiscuit,120277854.0,178920699.600928
6902a3f2df16f61a280484b6,Drama,2004,1380080888.0,1993449161.0,228,222235135.0,6052986.350877193,974715.504385965,2000s,The Passion of the Christ,370274604.0,534840823.535415
6902a3f2df16f61a280484b7,Drama,2005,1421398792.0,1989070142.0,266,221746950.0,5343604.4812030075,833635.1503759399,2000s,Million Dollar Baby,99378637.0,139067994.655617
6902a3f2df16f61a280484b8,Drama,2006,1566403106.0,2145134077.0,252,239145382.0,6215885.341269841,948989.6111111111,2000s,The Departed,120359613.0,164828265.694739
6902a3f2df16f61a280484ba,Drama,2008,1089416918.0,1231556700.0,256,137297291.0,4255534.8359375,536317.54296875,2000s,Twilight,176922850.0,200006551.854003
6902a3f2df16f61a280484bb,Drama,2009,1834368065.0,1971041491.0,196,219737067.0,9359020.739795918,1121107.4846938776,2000s,The Twilight Saga: New Moon,287954655.0,309409318.315619
6902a3f2df16f61a280484bc,Drama,2010,1688220533.0,1755249394.0,208,195679977.0,8116444.870192308,940769.1201923077,2010s,The Twilight Saga: Eclipse,300531751.0,312464019.664017
6902a3f2df16f61a280484bf,Drama,2013,1338302458.0,1476576125.0,231,164612723.0,5793517.134199134,712609.1904761905,2010s,The Great Gatsby,144840419.0,159805358.90968
6902a3f2df16f61a280484b9,Drama,2007,1293722940.0,1605362326.0,249,178970159.0,5195674.457831325,718755.6586345382,2000s,American Gangster,129150735.0,160261303.200057
6902a3f2df16f61a280484bd,Drama,2011,1490251352.0,1646901607.0,244,183601071.0,6107587.508196721,752463.405737705,2010s,"The Twilight Saga: Breaking Dawn, Part 1",275530738.0,304493610.813443
6902a3f2df16f61a280484be,Drama,2012,1670673352.0,1882654717.0,228,209883469.0,7327514.701754386,920541.5307017544,2010s,"The Twilight Saga: Breaking Dawn, Part 2",289133356.0,325819691.721186
6902a3f2df16f61a280484c5,Comedy,1995,1048895722.0,2162895044.0,61,241125423.0,17195011.836065575,3952875.7868852457,1990s,Ace Ventura: When Nature Calls,104371496.0,215221195.680752
6902a3f2df16f61a280484c0,Drama,2014,1648533596.0,1809955522.0,254,201778765.0,6490289.748031496,794404.5866141733,2010s,The Fault in Our Stars,124872350.0,137099662.376318
6902a3f2df16f61a280484c1,Drama,2015,2070185234.0,2158042014.0,287,240584394.0,7213188.968641115,838273.149825784,2010s,American Sniper,347897084.0,362661520.085061
6902a3f2df16f61a280484c2,Drama,2016,1360947564.0,1402579160.0,282,156363340.0,4826055.191489362,554479.9290780142,2010s,Sully,124976335.0,128799380.373613
6902a3f2df16f61a280484c4,Drama,2018,1631625937.0,1631624836.0,266,181897975.0,6133932.093984962,683826.9736842106,2010s,A Star is Born,202110097.0,202109960.61873
6902a3f2df16f61a280484c3,Drama,2017,1326577328.0,1326576332.0,253,147890338.0,5243388.648221344,584546.790513834,2010s,Hidden Figures,167620331.0,167620205.14993
6902a3f2df16f61a280484c7,Comedy,1997,1296925200.0,2534513641.0,72,282554475.0,18012850.0,3924367.7083333335,1990s,Liar Liar,181410615.0,354521354.307634
6902a3f2df16f61a280484c6,Comedy,1996,1041177912.0,2112978403.0,69,235560580.0,15089534.956521738,3413921.4492753623,1990s,The Nutty Professor,128814019.0,261416648.407186
6902a3f2df16f61a280484c8,Comedy,1998,791406180.0,1513627240.0,74,168743282.0,10694678.108108109,2280314.621621622,1990s,The Waterboy,150042308.0,286967843.164012
6902a3f2df16f61a280484c9,Comedy,1999,1352538228.0,2388241394.0,69,266247647.0,19602003.304347824,3858661.5507246377,1990s,Austin Powers: The Spy Who Shagged Me,206040085.0,363814825.809329
6902a3f2df16f61a280484ca,Comedy,2000,1482623604.0,2467371370.0,79,275069272.0,18767387.392405063,3481889.518987342,2000s,Meet the Parents,161325490.0,268476701.843485
6902a3f2df16f61a280484cc,Comedy,2002,1305574866.0,2015663411.0,82,224711640.0,15921644.707317073,2740385.8536585364,2000s,Austin Powers in Goldmember,213117789.0,329030330.39893
6902a3f2df16f61a280484cb,Comedy,2001,1477683205.0,2341840310.0,88,261074728.0,16791854.602272727,2966758.272727273,2000s,American Pie 2,145096820.0,229950222.60459
6902a3f2df16f61a280484cd,Comedy,2003,1802604618.0,2681486140.0,82,298939369.0,21982983.14634146,3645602.06097561,2000s,Bruce Almighty,242704995.0,361038729.016098
6902a3f2df16f61a280484d0,Comedy,2006,1954939739.0,2677222241.0,125,298464018.0,15639517.912,2387712.144,2000s,Talladega Nights: The Ballad of Ricky Bobby,148213377.0,202973084.746382
6902a3f2df16f61a280484ce,Comedy,2004,1674423943.0,2418611849.0,120,269633428.0,13953532.858333332,2246945.2333333334,2000s,Meet the Fockers,162461370.0,234666373.548609
6902a3f2df16f61a280484cf,Comedy,2005,1825866367.0,2555072935.0,129,284846481.0,14154002.84496124,2208112.2558139535,2000s,Wedding Crashers,209218368.0,292775089.811198
6902a3f2df16f61a280484d1,Comedy,2007,1428122669.0,1820993412.0,134,203009299.0,10657631.858208954,1514994.7686567164,2000s,Wild Hogs,168213584.0,214488457.414794
6902a3f2df16f61a280484d2,Comedy,2008,2099450726.0,2234737577.0,125,249134624.0,16795605.808,1993076.992,2000s,Sex and the City,152647258.0,162483719.791104
6902a3f2df16f61a280484d3,Comedy,2009,1435281074.0,1553072034.0,87,173140695.0,16497483.609195402,1990122.9310344828,2000s,The Hangover,277322503.0,300081866.618539
6902a3f2df16f61a280484d5,Comedy,2011,1491182522.0,1542306581.0,96,171940533.0,15533151.270833334,1791047.21875,2010s,The Hangover Part II,254464305.0,263188420.224182
6902a3f2df16f61a280484d6,Comedy,2012,1050654625.0,1183965890.0,94,131991738.0,11177176.861702127,1404167.425531915,2010s,21 Jump Street,138447667.0,156014461.248937
6902a3f2df16f61a280484d7,Comedy,2013,1619719448.0,1787070092.0,98,199227435.0,16527749.469387755,2032933.0102040817,2010s,The Heat,159581587.0,176069677.815955
6902a3f2df16f61a280484d4,Comedy,2010,1376066203.0,1395098440.0,77,155529369.0,17870989.64935065,2019861.9350649351,2010s,Grown Ups,162001186.0,164241808.551089
6902a3f2df16f61a280484d8,Comedy,2014,1270249093.0,1394630484.0,102,155477200.0,12453422.480392156,1524286.2745098039,2010s,22 Jump Street,191719337.0,210492283.148176
6902a3f2df16f61a280484db,Comedy,2017,784372296.0,784372007.0,74,87443925.0,10599625.621621622,1181674.6621621621,2010s,Girls Trip,115108515.0,115108472.588557
6902a3f2df16f61a280484df,Thriller or Suspense,1997,646036777.0,1262516198.0,23,140748740.0,28088555.52173913,6119510.434782608,1990s,Titanic,157467971.0,307731496.304109
6902a3f2df16f61a280484e0,Thriller or Suspense,1998,786162209.0,1503597981.0,22,167625193.0,35734645.86363637,7619326.954545454,1990s,Titanic,443319081.0,847883130.859544
6902a3f2df16f61a280484da,Comedy,2016,1409767232.0,1451712577.0,98,161840867.0,14385379.918367347,1651437.418367347,2010s,Ghostbusters,128350574.0,132169437.841615
6902a3f2df16f61a280484dc,Comedy,2018,865423455.0,865423214.0,74,96479734.0,11694911.554054054,1303780.189189189,2010s,Night School,77339130.0,77339108.4628782
6902a3f2df16f61a280484dd,Thriller or Suspense,1995,329923961.0,680325901.0,19,75844582.0,17364419.0,3991820.1052631577,1990s,Se7en,87113775.0,179634596.064959
6902a3f2df16f61a280484d9,Comedy,2015,1293229974.0,1331620315.0,121,148452655.0,10687851.024793388,1226881.4462809917,2010s,Pitch Perfect 2,184296230.0,189767178.908515
6902a3f2df16f61a280484de,Thriller or Suspense,1996,305709447.0,620410247.0,22,69165022.0,13895883.954545455,3143864.6363636362,1990s,Executive Decision,56679192.0,115025400.273222
6902a3f2df16f61a280484e1,Thriller or Suspense,1999,574879882.0,1015092947.0,17,113165323.0,33816463.64705882,6656783.705882353,1990s,The Sixth Sense,276386495.0,488028874.387625
6902a3f2df16f61a280484e3,Thriller or Suspense,2001,674556330.0,1069040599.0,26,119179554.0,25944474.230769232,4583829.0,2000s,Ocean's Eleven,151967372.0,240838730.831176
6902a3f2df16f61a280484e4,Thriller or Suspense,2002,950052308.0,1466775952.0,33,163520173.0,28789463.87878788,4955156.757575758,2000s,Signs,227750028.0,351620917.421872
6902a3f2df16f61a280484e7,Thriller or Suspense,2005,368731981.0,515994568.0,25,57524478.0,14749279.24,2300979.12,2000s,Flightplan,89132263.0,124729521.471986
6902a3f2df16f61a280484e2,Thriller or Suspense,2000,572344556.0,952491631.0,27,106186358.0,21197946.51851852,3932828.074074074,2000s,What Lies Beneath,155464351.0,258722637.778259
6902a3f2df16f61a280484e5,Thriller or Suspense,2003,382640658.0,569201683.0,20,63456152.0,19132032.9,3172807.6,2000s,The Recruit,52784696.0,78520505.2617366
6902a3f2df16f61a280484e8,Thriller or Suspense,2006,739589574.0,1012842338.0,35,112914419.0,21131130.685714286,3226126.257142857,2000s,The Da Vinci Code,217536138.0,297908216.066078
6902a3f2df16f61a280484e6,Thriller or Suspense,2004,801681437.0,1157984177.0,30,129095226.0,26722714.566666666,4303174.2,2000s,The Bourne Supremacy,176087450.0,254348512.335928
6902a3f2df16f61a280484e9,Thriller or Suspense,2007,826453022.0,1077153767.0,57,120084032.0,14499175.824561404,2106737.403508772,2000s,The Bourne Ultimatum,227471070.0,296473378.899473
6902a3f2df16f61a280484ea,Thriller or Suspense,2008,780239375.0,870779066.0,51,97076819.0,15298811.274509804,1903467.0392156863,2000s,Eagle Eye,101401695.0,113168440.471127
6902a3f2df16f61a280484ec,Thriller or Suspense,2010,919200109.0,936795997.0,51,104436566.0,18023531.54901961,2047775.8039215687,2010s,Inception,292568851.0,298169382.031361
6902a3f2df16f61a280484ed,Thriller or Suspense,2011,928786329.0,989409989.0,60,110302117.0,15479772.15,1838368.6166666667,2010s,Super 8,127004179.0,135293984.659139
6902a3f2df16f61a280484eb,Thriller or Suspense,2009,965638077.0,1101599466.0,55,122809305.0,17557055.945454545,2232896.4545454546,2000s,Taken,145000989.0,165417060.342238
6902a3f2df16f61a280484ee,Thriller or Suspense,2012,1534307056.0,1728986445.0,64,192752112.0,23973547.75,3011751.75,2010s,The Hunger Games,408010692.0,459780819.702539
6902a3f2df16f61a280484ef,Thriller or Suspense,2013,1143419822.0,1261558830.0,70,140642010.0,16334568.885714285,2009171.5714285714,2010s,Gravity,255621667.0,282032692.575772
6902a3f2df16f61a280484f2,Thriller or Suspense,2016,652302676.0,669942919.0,64,74687059.0,10192229.3125,1166985.296875,2010s,The Accountant,85856696.0,88178521.4904371
6902a3f2df16f61a280484f1,Thriller or Suspense,2015,1089501477.0,1125580133.0,72,125482735.0,15131964.958333334,1742815.763888889,2010s,The Hunger Games: Mockingjay - Part 2,274185395.0,283264997.694682
6902a3f2df16f61a280484f0,Thriller or Suspense,2014,969244659.0,1064152057.0,62,118634566.0,15632978.370967742,1913460.7419354839,2010s,The Hunger Games: Mockingjay - Part 1,323734502.0,355434237.399466
6902a3f2df16f61a280484f3,Thriller or Suspense,2017,697561514.0,697561289.0,63,77766030.0,11072404.984126983,1234381.4285714286,2010s,Baby Driver,107825862.0,107825827.220531
6902a3f2df16f61a280484f5,Horror,1995,148103633.0,305399859.0,15,34046807.0,9873575.533333333,2269787.1333333333,1990s,Tales from the Crypt: Demon Knight,21089146.0,43487266.8844688
6902a3f2df16f61a280484f7,Horror,1997,407801247.0,796944862.0,11,88845581.0,37072840.63636363,8076871.0,1990s,Scream 2,85520969.0,167129201.637314
6902a3f2df16f61a280484f4,Thriller or Suspense,2018,613231037.0,613230848.0,56,68364643.0,10950554.232142856,1220797.1964285714,2010s,Maze Runner: The Death Cure,58032443.0,58032425.1141934
6902a3f2df16f61a280484f6,Horror,1996,112915551.0,229152096.0,9,25546499.0,12546172.333333334,2838499.888888889,1990s,Scream,39129829.0,79410517.4359162
6902a3f2df16f61a280484f8,Horror,1998,318584830.0,609318887.0,16,67928527.0,19911551.875,4245532.9375,1990s,Halloween: H2O,55041738.0,105271712.20521
6902a3f2df16f61a280484fc,Horror,2002,297788051.0,459751887.0,11,51254391.0,27071641.0,4659490.090909091,2000s,The Ring,127230430.0,196429742.831828
6902a3f2df16f61a280484ff,Horror,2005,587908674.0,822705132.0,30,91717406.0,19596955.8,3057246.8666666667,2000s,Saw II,87014325.0,121765734.885238
6902a3f2df16f61a280484fa,Horror,2000,370091662.0,615903881.0,14,68662640.0,26435118.714285713,4904474.285714285,2000s,Scream 3,89138076.0,148342944.708851
6902a3f2df16f61a280484fb,Horror,2001,391330452.0,620182643.0,16,69139648.0,24458153.25,4321228.0,2000s,Hannibal,165092266.0,261639127.094405
6902a3f2df16f61a28048500,Horror,2006,553283464.0,757702556.0,31,84470742.0,17847853.677419353,2724862.64516129,2000s,Saw III,80238724.0,109884155.628729
6902a3f2df16f61a280484f9,Horror,1999,477204556.0,842622927.0,15,93937896.0,31813637.066666666,6262526.4,1990s,The Blair Witch Project,140539099.0,248156614.324786
6902a3f2df16f61a280484fd,Horror,2003,450032336.0,669451004.0,16,74632219.0,28127021.0,4664513.6875,2000s,Freddy vs. Jason,82622655.0,122906322.320127
6902a3f2df16f61a280484fe,Horror,2004,464969445.0,671622444.0,20,74874297.0,23248472.25,3743714.85,2000s,The Grudge,110359362.0,159407946.525864
6902a3f2df16f61a28048505,Horror,2011,404326975.0,428735323.0,28,47796580.0,14440249.107142856,1707020.7142857143,2010s,Paranormal Activity 3,104007828.0,110286556.399331
6902a3f2df16f61a28048502,Horror,2008,293647307.0,304074308.0,25,33899031.0,11745892.28,1355961.24,2000s,Saw V,56746769.0,58761766.5940688
6902a3f2df16f61a28048504,Horror,2010,531211616.0,559021469.0,26,62321234.0,20431216.0,2396970.5384615385,2010s,Paranormal Activity 2,84660648.0,89092780.3270249
6902a3f2df16f61a28048501,Horror,2007,693525961.0,841586677.0,31,93822372.0,22371805.19354839,3026528.129032258,2000s,I am Legend,206129574.0,250136134.722267
6902a3f2df16f61a28048503,Horror,2009,584680109.0,630478606.0,26,70287470.0,22487696.5,2703364.230769231,2000s,Paranormal Activity,107854596.0,116302939.487844
6902a3f2df16f61a28048507,Horror,2013,448523012.0,494864728.0,30,55168866.0,14950767.066666666,1838962.2,2010s,The Conjuring,137400141.0,151596421.106542
6902a3f2df16f61a2804850b,Horror,2017,1039425572.0,1039425427.0,34,115877974.0,30571340.352941178,3408175.705882353,2010s,It,327481748.0,327481702.316254
6902a3f2df16f61a2804850f,Romantic Comedy,1997,297133612.0,580672798.0,22,64734983.0,13506073.272727273,2942499.227272727,1990s,Jerry Maguire,70614467.0,137998188.276891
6902a3f2df16f61a28048510,Romantic Comedy,1998,500783066.0,957787582.0,14,106776765.0,35770219.0,7626911.785714285,1990s,There's Something About Mary,174711965.0,334150577.096029
6902a3f2df16f61a28048506,Horror,2012,308863451.0,348053276.0,33,38801926.0,9359498.515151516,1175815.9393939395,2010s,Paranormal Activity 4,53900335.0,60739424.213218
6902a3f2df16f61a2804850c,Horror,2018,901529308.0,901529177.0,34,100504925.0,26515567.88235294,2956027.205882353,2010s,A Quiet Place,188024361.0,188024333.678435
6902a3f2df16f61a28048508,Horror,2014,254888301.0,279846607.0,30,31198061.0,8496276.7,1039935.3666666667,2010s,Annabelle,84273813.0,92525786.9210815
6902a3f2df16f61a28048509,Horror,2015,374324652.0,386099899.0,24,43043467.0,15596860.5,1793477.7916666667,2010s,Goosebumps,79132868.0,81622175.2404924
6902a3f2df16f61a2804850d,Romantic Comedy,1995,297177737.0,612800916.0,16,68316713.0,18573608.5625,4269794.5625,1990s,While You Were Sleeping,81057016.0,167145137.29885
6902a3f2df16f61a2804850e,Romantic Comedy,1996,427301022.0,867169628.0,19,96674429.0,22489527.47368421,5088127.842105263,1990s,Jerry Maguire,83338125.0,169127353.162445
6902a3f2df16f61a2804850a,Horror,2016,479942549.0,491418185.0,28,54784636.0,17140805.32142857,1956594.142857143,2010s,The Conjuring 2: The Enfield Poltergeist,102470008.0,104920110.653276
6902a3f2df16f61a28048511,Romantic Comedy,1999,722597811.0,1275925541.0,23,142243650.0,31417296.13043478,6184506.521739131,1990s,Runaway Bride,152162347.0,268680339.132393
6902a3f2df16f61a28048513,Romantic Comedy,2001,529130923.0,838569590.0,23,93486019.0,23005692.304347824,4064609.5217391304,2000s,America's Sweethearts,93607673.0,148349953.775928
6902a3f2df16f61a28048512,Romantic Comedy,2000,374478694.0,623204707.0,23,69476556.0,16281682.347826088,3020719.8260869565,2000s,What Women Want,115761883.0,192650080.051773
6902a3f2df16f61a28048514,Romantic Comedy,2002,574879303.0,887550213.0,24,98946512.0,23953304.291666668,4122771.3333333335,2000s,My Big Fat Greek Wedding,227898505.0,351850145.934253
6902a3f2df16f61a28048515,Romantic Comedy,2003,495065519.0,736440642.0,25,82100406.0,19802620.76,3284016.24,2000s,How to Lose a Guy in 10 Days,105807520.0,157395243.59245
6902a3f2df16f61a28048516,Romantic Comedy,2004,651589511.0,941184704.0,33,104925831.0,19745136.696969695,3179570.6363636362,2000s,50 First Dates,120776832.0,174455397.08201
6902a3f2df16f61a28048517,Romantic Comedy,2005,440435727.0,616335096.0,15,68710713.0,29362381.8,4580714.2,2000s,Hitch,177784257.0,248786986.132448
6902a3f2df16f61a28048519,Romantic Comedy,2007,733929251.0,948405545.0,35,105730830.0,20969407.171428572,3020880.8571428573,2000s,Knocked Up,148761765.0,192234445.783095
6902a3f2df16f61a28048518,Romantic Comedy,2006,342785466.0,469432841.0,19,52333650.0,18041340.315789472,2754402.6315789474,2000s,The Break-Up,118703275.0,162560029.949619
6902a3f2df16f61a2804851a,Romantic Comedy,2008,330849160.0,348545980.0,25,38856854.0,13233966.4,1554274.16,2000s,What Happens in Vegas...,80277646.0,84571624.1116135
6902a3f2df16f61a2804851d,Romantic Comedy,2011,577791604.0,623181502.0,33,69473969.0,17508836.484848484,2105271.787878788,2010s,Just Go With It,103028109.0,111121745.747693
6902a3f2df16f61a2804851e,Romantic Comedy,2012,340203356.0,383369736.0,31,42739101.0,10974301.806451613,1378680.677419355,2010s,Think Like a Man,91547205.0,103163085.235373
6902a3f2df16f61a2804851b,Romantic Comedy,2009,642370662.0,677311720.0,26,75508553.0,24706563.923076924,2904175.1153846155,2000s,The Proposal,163958031.0,172876350.919686
6902a3f2df16f61a2804851c,Romantic Comedy,2010,517406269.0,531789500.0,30,59285340.0,17246875.633333333,1976178.0,2010s,Valentine's Day,110485654.0,113557013.546415
6902a3f2df16f61a2804851f,Romantic Comedy,2013,197247886.0,217627646.0,25,24261722.0,7889915.44,970468.88,2010s,Warm Bodies,66380662.0,73239148.4843678
6902a3f2df16f61a28048520,Romantic Comedy,2014,264693693.0,290612123.0,30,32398230.0,8823123.1,1079941.0,2010s,Think Like a Man Too,65028687.0,71396203.5543193
6902a3f2df16f61a28048521,Romantic Comedy,2015,74106836.0,78853781.0,23,8790834.0,3222036.347826087,382210.17391304346,2010s,Focus,53862963.0,57313178.0772978
6902a3f2df16f61a28048522,Romantic Comedy,2016,137209258.0,140552123.0,30,15669133.0,4573641.933333334,522304.43333333335,2010s,How to be Single,46843513.0,47984773.7455741
6902a3f2df16f61a28048524,Romantic Comedy,2018,241016524.0,241016473.0,15,26869172.0,16067768.266666668,1791278.1333333333,2010s,Crazy Rich Asians,174519335.0,174519298.071054
6902a3f2df16f61a28048525,Musical,1996,2562599.0,5200555.0,2,579772.0,1281299.5,289886.0,1990s,Evita,2278112.0,4623215.24052729
6902a3f2df16f61a28048523,Romantic Comedy,2017,85994969.0,85994924.0,15,9586948.0,5732997.933333334,639129.8666666667,2010s,The Big Sick,42872467.0,42872444.56542
6902a3f2df16f61a28048527,Musical,1998,67210342.0,128545132.0,8,14330561.0,8401292.75,1791320.125,1990s,Grease,28350476.0,54222543.3056542
6902a3f2df16f61a28048526,Musical,1997,114425007.0,223614870.0,5,24929194.0,22885001.4,4985838.8,1990s,Anastasia,53147865.0,103864122.313338
6902a3f2df16f61a28048529,Musical,2000,93372793.0,155390306.0,9,17323334.0,10374754.777777778,1924814.888888889,2000s,Fantasia 2000 (Theatrical Release),67320333.0,112033996.293673
6902a3f2df16f61a2804852c,Musical,2003,169169167.0,251649636.0,6,28054586.0,28194861.166666668,4675764.333333333,2000s,Chicago,161445985.0,240160923.408173
6902a3f2df16f61a28048528,Musical,1999,23577029.0,41631062.0,8,4641144.0,2947128.625,580143.0,1990s,The King and I,12064440.0,21302745.5509886
6902a3f2df16f61a2804852a,Musical,2001,69839373.0,110681790.0,7,12339107.0,9977053.285714285,1762729.5714285714,2000s,Moulin Rouge,57065562.0,90437790.0058751
6902a3f2df16f61a2804852b,Musical,2002,57571456.0,88883963.0,8,9909026.0,7196432.0,1238628.25,2000s,Eight Crazy Nights,23443124.0,36193591.5989412
6902a3f2df16f61a2804852d,Musical,2004,22364844.0,32304755.0,5,3601422.0,4472968.8,720284.4,2000s,The Phantom of the Opera,16178431.0,23368830.5511724
6902a3f2df16f61a2804852e,Musical,2005,81788548.0,114452894.0,7,12759520.0,11684078.285714285,1822788.5714285714,2000s,The Phantom of the Opera,35047365.0,49044425.5267169
6902a3f2df16f61a2804852f,Musical,2006,68195041.0,93390742.0,7,10411454.0,9742148.714285715,1487350.5714285714,2000s,Dreamgirls,37064395.0,50758402.6649546
6902a3f2df16f61a28048530,Musical,2007,255937558.0,324387348.0,11,36163584.0,23267050.727272727,3287598.5454545454,2000s,Hairspray,118871849.0,150663795.303409
6902a3f2df16f61a28048531,Musical,2008,260176422.0,261057390.0,11,29103388.0,23652402.0,2645762.5454545454,2000s,Mamma Mia!,144130063.0,144618093.284854
6902a3f2df16f61a28048532,Musical,2009,39330920.0,42089088.0,10,4692206.0,3933092.0,469220.6,2000s,Fame,22455510.0,24030252.4445113
6902a3f2df16f61a28048533,Musical,2010,174481691.0,198315003.0,9,22108696.0,19386854.555555556,2456521.777777778,2010s,Tangled,167821986.0,190745616.152104
6902a3f2df16f61a28048535,Musical,2012,391900843.0,441626926.0,6,49233771.0,65316807.166666664,8205628.5,2010s,Beauty and the Beast,218813467.0,246577471.124788
6902a3f2df16f61a28048534,Musical,2011,84688775.0,89019033.0,4,9924084.0,21172193.75,2481021.0,2010s,Footloose,51670512.0,54312499.0632453
6902a3f2df16f61a28048536,Musical,2013,357193074.0,394098600.0,6,43935184.0,59532179.0,7322530.666666667,2010s,Frozen,296691729.0,327346198.852891
6902a3f2df16f61a28048537,Musical,2014,252182790.0,276876299.0,7,30866923.0,36026112.85714286,4409560.428571428,2010s,Frozen,104046280.0,114234396.927394
6902a3f2df16f61a28048538,Musical,2015,68944880.0,71366271.0,8,7956106.0,8618110.0,994513.25,2010s,Into the Woods,37130717.0,38434772.993242
6902a3f2df16f61a28048539,Musical,2016,248894081.0,258101677.0,8,28773877.0,31111760.125,3596734.625,2010s,Moana,210046114.0,217816567.002785
6902a3f2df16f61a2804853d,Documentary,1996,6791655.0,13783024.0,7,1536569.0,970236.4285714285,219509.85714285713,1990s,Snowriders,2035470.0,4130794.6091608
6902a3f2df16f61a2804853a,Musical,2017,890162292.0,890162259.0,9,99237710.0,98906921.33333333,11026412.222222222,2010s,Beauty and the Beast,504014165.0,504014146.315242
6902a3f2df16f61a2804853e,Documentary,1997,10372500.0,20270406.0,9,2259800.0,1152500.0,251088.88888888888,1990s,When We Were Kings,2666118.0,5210247.70343774
6902a3f2df16f61a2804853b,Musical,2018,417625409.0,417625368.0,9,46558012.0,46402823.222222224,5173112.444444444,2010s,Mary Poppins Returns,138817262.0,138817248.37174
6902a3f2df16f61a2804853c,Documentary,1995,81994311.0,169077889.0,9,18849263.0,9110479.0,2094362.5555555555,1990s,The Living Sea,64800000.0,133622041.256009
6902a3f2df16f61a2804853f,Documentary,1998,85954501.0,164394796.0,12,18327179.0,7162875.083333333,1527264.9166666667,1990s,Everest,66877098.0,127907750.66895
6902a3f2df16f61a28048542,Documentary,2001,21807044.0,34559822.0,25,3852823.0,872281.76,154112.92,2000s,Shackleton's Antarctic Adventure,6683025.0,10591263.7412732
6902a3f2df16f61a28048541,Documentary,2000,127001363.0,211354576.0,42,23562383.0,3023841.976190476,561009.119047619,2000s,Dolphins,54000000.0,89866335.5605089
6902a3f2df16f61a28048540,Documentary,1999,88124882.0,155606241.0,25,17347407.0,3524995.28,693896.28,1990s,Mysteries of Egypt,27042366.0,47749975.0979094
6902a3f2df16f61a28048543,Documentary,2002,71658170.0,110632186.0,31,12333577.0,2311553.870967742,397857.32258064515,2000s,Space Station,30460417.0,47027471.1059683
6902a3f2df16f61a28048544,Documentary,2003,91130211.0,135561610.0,53,15112777.0,1719437.9433962265,285146.7358490566,2000s,Space Station,15713110.0,23374185.8636441
6902a3f2df16f61a28048545,Documentary,2004,235480966.0,340138758.0,89,37919594.0,2645853.550561798,426062.8539325843,2000s,Fahrenheit 9/11,119114517.0,172054092.3556
6902a3f2df16f61a28048546,Documentary,2005,165886230.0,232128539.0,99,25878321.0,1675618.4848484849,261397.18181818182,2000s,La marche de l'empereur,77437223.0,108359744.14035
6902a3f2df16f61a28048547,Documentary,2006,102355386.0,140171678.0,111,15626720.0,922120.5945945946,140781.26126126127,2000s,An Inconvenient Truth,24146161.0,33067218.4131879
6902a3f2df16f61a28048549,Documentary,2008,87432868.0,100573389.0,126,11212195.0,693911.6507936508,88985.6746031746,2000s,Sea Monsters: A Prehistoric Adventure,14144251.0,16270028.5427745
6902a3f2df16f61a28048548,Documentary,2007,70753270.0,92246108.0,109,10283847.0,649112.5688073394,94347.22018348624,2000s,Sicko,24538513.0,31992617.7314123
6902a3f2df16f61a2804854a,Documentary,2009,187444087.0,212488052.0,93,23688746.0,2015527.817204301,254717.69892473117,2000s,Michael Jackson's This Is It,72091016.0,81722927.6298314
6902a3f2df16f61a2804854b,Documentary,2010,93857579.0,101634181.0,116,11330455.0,809117.0603448276,97676.33620689655,2010s,Hubble 3D,20149829.0,21819350.0143984
6902a3f2df16f61a2804854c,Documentary,2011,82415597.0,87788798.0,135,9786934.0,610485.9037037037,72495.80740740741,2010s,African Cats,15428747.0,16434645.9053874
6902a3f2df16f61a2804854e,Documentary,2013,49307450.0,54401319.0,160,6064807.0,308171.5625,37905.04375,2010s,Justin Bieber’s Believe,5962982.0,6579007.55308291
6902a3f2df16f61a2804854d,Documentary,2012,132328422.0,149118213.0,149,16624104.0,888110.2147651006,111571.1677852349,2010s,2016: Obama’s America,33349941.0,37581371.6389321
6902a3f2df16f61a28048551,Documentary,2016,50780120.0,52570730.0,158,5860728.0,321393.16455696203,37093.215189873416,2010s,Hillary’s America: The Secret History of the Democratic Party,13099931.0,13561861.1302933
6902a3f2df16f61a2804854f,Documentary,2014,88025980.0,96644762.0,152,10774221.0,579118.2894736842,70883.03289473684,2010s,Bears,17780194.0,19521084.7688811
6902a3f2df16f61a28048550,Documentary,2015,65083771.0,68611216.0,143,7648965.0,455131.26573426573,53489.26573426573,2010s,Monkey Kingdom,16432322.0,17322929.768829
6902a3f2df16f61a28048552,Documentary,2017,44877018.0,44876417.0,148,5002945.0,303223.0945945946,33803.68243243243,2010s,Born in China,13873211.0,13873025.2078021
6902a3f2df16f61a28048553,Documentary,2018,107099307.0,107098750.0,142,11939660.0,754220.4718309859,84082.11267605633,2010s,Won’t You Be My Neighbor?,22835787.0,22835668.2360816
6902a3f2df16f61a28048555,Dark Comedy,1996,2567371.0,5210242.0,3,580852.0,855790.3333333334,193617.33333333334,1990s,Faithful,2104439.0,4270764.32048115
6902a3f2df16f61a28048556,Dark Comedy,1997,37327594.0,72947377.0,5,8132372.0,7465518.8,1626474.4,1990s,Grosse Pointe Blank,28084357.0,54883799.3116189
6902a3f2df16f61a28048554,Dark Comedy,1995,24185598.0,49872348.0,3,5559905.0,8061866.0,1853301.6666666667,1990s,To Die For,21155211.0,43623483.9016769
6902a3f2df16f61a28048557,Dark Comedy,1998,46315475.0,88582024.0,6,9875365.0,7719245.833333333,1645894.1666666667,1990s,Dead Man on Campus,15064948.0,28812909.4065159
6902a3f2df16f61a28048558,Dark Comedy,1999,101746444.0,179658551.0,9,20028824.0,11305160.444444444,2225424.888888889,1990s,Being John Malkovich,18243969.0,32214246.5738549
6902a3f2df16f61a28048559,Dark Comedy,2000,51210561.0,85224230.0,7,9501029.0,7315794.428571428,1357289.857142857,2000s,Nurse Betty,25170054.0,41887814.3359613
6902a3f2df16f61a2804855a,Dark Comedy,2001,57007068.0,90345104.0,3,10071918.0,19002356.0,3357306.0,2000s,Snatch,30033056.0,47596546.5853782
6902a3f2df16f61a2804855b,Dark Comedy,2002,47766617.0,73746371.0,4,8221446.0,11941654.25,2055361.5,2000s,The Royal Tenenbaums,31656156.0,48873601.9301906
6902a3f2df16f61a2804855c,Dark Comedy,2003,56947540.0,84712994.0,2,9444035.0,28473770.0,4722017.5,2000s,Bad Santa,56909596.0,84656549.9491361
6902a3f2df16f61a2804855d,Dark Comedy,2004,5277208.0,7622625.0,3,849791.0,1759069.3333333333,283263.6666666667,2000s,Bad Santa,3150732.0,4551052.09260275
6902a3f2df16f61a2804855e,Dark Comedy,2005,9517330.0,13318297.0,6,1484760.0,1586221.6666666667,247460.0,2000s,The Ice Harvest,9016782.0,12617843.5191649
6902a3f2df16f61a2804855f,Dark Comedy,2006,32291174.0,44221634.0,5,4929948.0,6458234.8,985989.6,2000s,Thank You For Smoking,24793509.0,33953843.8761535
6902a3f2df16f61a28048560,Dark Comedy,2007,2456085.0,3202173.0,3,356987.0,818695.0,118995.66666666667,2000s,You Kill Me,2426851.0,3164058.55140315
6902a3f2df16f61a28048562,Dark Comedy,2009,54671157.0,65386671.0,9,7289484.0,6074573.0,809942.6666666666,2000s,The Men Who Stare at Goats,32018431.0,38294024.2829176
6902a3f2df16f61a28048561,Dark Comedy,2008,61625210.0,61941761.0,6,6905436.0,10270868.333333334,1150906.0,2000s,Burn After Reading,60355347.0,60665375.0785769
6902a3f2df16f61a28048563,Dark Comedy,2010,53218987.0,60503664.0,11,6745113.0,4838089.7272727275,613192.0909090909,2010s,Kick-Ass,48071303.0,54651359.0112903
6902a3f2df16f61a28048564,Dark Comedy,2011,35839668.0,40496294.0,11,4514637.0,3258151.6363636362,410421.54545454547,2010s,50/50,35016118.0,39565740.6554852
6902a3f2df16f61a28048565,Dark Comedy,2012,92522208.0,104261763.0,14,11623385.0,6608729.142857143,830241.7857142857,2010s,Dark Shadows,79727149.0,89843220.2753277
6902a3f2df16f61a28048566,Dark Comedy,2013,188672454.0,208166243.0,12,23206939.0,15722704.5,1933911.5833333333,2010s,American Hustle,87923123.0,97007410.4603361
6902a3f2df16f61a28048567,Dark Comedy,2014,181517016.0,199290966.0,13,22217499.0,13962847.384615384,1709038.3846153845,2010s,American Hustle,62194684.0,68284720.2293406
6902a3f2df16f61a28048569,Dark Comedy,2016,49182952.0,49660943.0,6,5536337.0,8197158.666666667,922722.8333333334,2010s,The Nice Guys,36261763.0,36614177.7220389
6902a3f2df16f61a2804856a,Dark Comedy,2017,61215946.0,61215926.0,10,6824518.0,6121594.6,682451.8,2010s,"Three Billboards Outside Ebbing, Missouri",24164629.0,24164621.1051195
6902a3f2df16f61a28048568,Dark Comedy,2015,74779827.0,75751892.0,13,8445027.0,5752294.384615385,649617.4615384615,2010s,Krampus,41465710.0,42004723.8892826
6902a3f2df16f61a2804856b,Dark Comedy,2018,141282717.0,141282676.0,10,15750577.0,14128271.7,1575057.7,2010s,"Three Billboards Outside Ebbing, Missouri",30349111.0,30349102.1927405
6902a3f2df16f61a2804856e,Western,1999,491069.0,867103.0,1,96667.0,491069.0,96667.0,1990s,Ride With the Devil,491069.0,867103.0
6902a3f2df16f61a2804856c,Western,1995,36538078.0,75344017.0,6,8399556.0,6089679.666666667,1399926.0,1990s,The Quick and the Dead,18552460.0,38256441.9954388
6902a3f2df16f61a2804856d,Western,1996,1118960.0,2270818.0,2,253157.0,559480.0,126578.5,1990s,Dead Man,1025488.0,2081125.87508401
6902a3f2df16f61a2804856f,Western,2000,64719710.0,107706073.0,4,12007366.0,16179927.5,3001841.5,2000s,Shanghai Noon,56932305.0,94746329.9571068
6902a3f2df16f61a28048570,Western,2001,22389813.0,35483490.0,4,3955796.0,5597453.25,988949.0,2000s,American Outlaws,13264986.0,21022417.5646818
6902a3f2df16f61a28048571,Western,2003,84453058.0,125629174.0,2,14005482.0,42226529.0,7002741.0,2000s,Open Range,58331254.0,86771366.6259924
6902a3f2df16f61a28048573,Western,2005,14873.0,20810.0,1,2320.0,14873.0,2320.0,2000s,Major Dundee,14873.0,20810.0
6902a3f2df16f61a28048574,Western,2006,584825.0,800886.0,2,89285.0,292412.5,44642.5,2000s,Down in the Valley,568932.0,779121.401704783
6902a3f2df16f61a28048572,Western,2004,90475689.0,130687087.0,4,14569352.0,22618922.25,3642338.0,2000s,Hidalgo,67286731.0,97191930.3995861
6902a3f2df16f61a28048576,Western,2008,20317697.0,20369202.0,4,2270814.0,5079424.25,567703.5,2000s,Appaloosa,20080574.0,20131477.8974186
6902a3f2df16f61a28048577,Western,2009,169906.0,177561.0,2,19795.0,84953.0,9897.5,2000s,Appaloosa,130820.0,136714.00668605
6902a3f2df16f61a28048575,Western,2007,57964064.0,74394058.0,4,8293652.0,14491016.0,2073413.0,2000s,3:10 to Yuma,53606916.0,68801870.3813647
6902a3f2df16f61a28048578,Western,2010,92697737.0,93522772.0,3,10426173.0,30899245.666666668,3475391.0,2010s,True Grit,86670382.0,87441771.9058115
6902a3f2df16f61a28048579,Western,2011,84669662.0,84682379.0,2,9440622.0,42334831.0,4720311.0,2010s,True Grit,84572623.0,84585325.4251814
6902a3f2df16f61a2804857d,Western,2015,29521197.0,31412213.0,6,3501919.0,4920199.5,583653.1666666666,2010s,The Hateful Eight,29045855.0,30906422.3929374
6902a3f2df16f61a2804857a,Western,2012,106297399.0,119784878.0,2,13353944.0,53148699.5,6676972.0,2010s,Django Unchained,106280122.0,119765408.818659
6902a3f2df16f61a2804857e,Western,2016,147170965.0,149159403.0,7,16628696.0,21024423.57142857,2375528.0,2010s,The Magnificent Seven,93420253.0,94682461.0791195
6902a3f2df16f61a2804857c,Western,2014,2323054.0,2550521.0,2,284339.0,1161527.0,142169.5,2010s,The Homesman,2272797.0,2495342.97404925
6902a3f2df16f61a2804857b,Western,2013,145859175.0,160929478.0,4,17940856.0,36464793.75,4485214.0,2010s,The Lone Ranger,89302115.0,98528890.9747773
6902a3f2df16f61a2804857f,Western,2017,61575125.0,61575103.0,8,6864560.0,7696890.625,858070.0,2010s,The Dark Tower,50701325.0,50701306.8850688
6902a3f2df16f61a28048580,Western,2018,33408750.0,33408720.0,7,3724495.0,4772678.571428572,532070.7142857143,2010s,Hostiles,29733369.0,29733342.3003758
6902a3f2df16f61a28048581,Concert or Performance,1999,148443.0,262112.0,1,29221.0,148443.0,29221.0,1990s,Stop Making Sense,148443.0,262112.0
6902a3f2df16f61a28048585,Concert or Performance,2003,70000.0,104124.0,1,11608.0,70000.0,11608.0,2000s,Concert for George,70000.0,104124.0
6902a3f2df16f61a28048582,Concert or Performance,2000,38847717.0,64650082.0,2,7207367.0,19423858.5,3603683.5,2000s,The Original Kings of Comedy,38168022.0,63518938.631009
6902a3f2df16f61a28048583,Concert or Performance,2001,3215111.0,5095310.0,3,568039.0,1071703.6666666667,189346.33333333334,2000s,N'sync: Bigger than Live,1688717.0,2676279.79788878
6902a3f2df16f61a28048584,Concert or Performance,2002,20338177.0,31399889.0,3,3500545.0,6779392.333333333,1166848.3333333333,2000s,Martin Lawrence Live: RunTelDat,19184820.0,29619233.7437608
6902a3f2df16f61a28048586,Concert or Performance,2004,1174079.0,1695886.0,1,189062.0,1174079.0,189062.0,2000s,Festival Express,1174079.0,1695886.0
6902a3f2df16f61a28048587,Concert or Performance,2005,1154117.0,1615031.0,3,180048.0,384705.6666666667,60016.0,2000s,Sarah Silverman: Jesus is Magic,1149330.0,1608332.23947832
6902a3f2df16f61a28048588,Concert or Performance,2006,2484609.0,3402563.0,4,379327.0,621152.25,94831.75,2000s,Neil Young: Heart of Gold,1828069.0,2503460.27920168
6902a3f2df16f61a2804858d,Concert or Performance,2011,95445317.0,96831392.0,6,10795027.0,15907552.833333334,1799171.1666666667,2010s,Justin Bieber: Never Say Never,73013910.0,74074231.852179
6902a3f2df16f61a28048592,Concert or Performance,2016,27211033.0,28217665.0,4,3145782.0,6802758.25,786445.5,2010s,Kevin Hart: What Now?,23591043.0,24463758.8133679
6902a3f2df16f61a28048593,Concert or Performance,2017,2984320.0,2984310.0,3,332699.0,994773.3333333334,110899.66666666667,2010s,Mayweather vs. McGregor,2620183.0,2620174.22016741
6902a3f2df16f61a28048595,Multiple Genres,2001,2010.0,3184.0,1,355.0,2010.0,355.0,2000s,Under Suspicion,2010.0,3184.0
6902a3f2df16f61a2804858a,Concert or Performance,2008,75628951.0,78208488.0,11,8718895.0,6875359.181818182,792626.8181818182,2000s,Hannah Montana/Miley Cyrus: Best of Both Worlds Concert Tour,65281781.0,67508398.8135328
6902a3f2df16f61a2804858b,Concert or Performance,2009,19953639.0,20108641.0,3,2241766.0,6651213.0,747255.3333333334,2000s,Jonas Brothers: The 3D Concert Experience,19162740.0,19311598.2120524
6902a3f2df16f61a2804859a,Multiple Genres,2007,335887.0,437906.0,2,48819.0,167943.5,24409.5,2000s,2006 Academy Award Nominated Short Films,335090.0,436866.927091552
6902a3f2df16f61a2804858c,Concert or Performance,2010,3128252.0,3475983.0,3,387512.0,1042750.6666666666,129170.66666666667,2010s,U2 3D,2054521.0,2282897.94720598
6902a3f2df16f61a2804858e,Concert or Performance,2012,28347099.0,31943892.0,4,3561192.0,7086774.75,890298.0,2010s,Katy Perry: Part of Me,25326071.0,28539543.916234
6902a3f2df16f61a2804858f,Concert or Performance,2013,64881892.0,71585534.0,4,7980550.0,16220473.0,1995137.5,2010s,Kevin Hart: Let Me Explain,32244051.0,35575528.6722871
6902a3f2df16f61a28048590,Concert or Performance,2014,3148116.0,3456374.0,3,385326.0,1049372.0,128442.0,2010s,The Fluffy Movie,2827393.0,3104246.36607482
6902a3f2df16f61a28048591,Concert or Performance,2015,1150000.0,1223660.0,1,136417.0,1150000.0,136417.0,2010s,The Met: Live in HD - Tannhauser,1150000.0,1223660.0
6902a3f2df16f61a28048597,Multiple Genres,2003,498239.0,741155.0,2,82626.0,249119.5,41313.0,2000s,The Animation Show,306362.0,455728.532110092
6902a3f2df16f61a28048589,Concert or Performance,2007,192068.0,250398.0,3,27915.0,64022.666666666664,9305.0,2000s,Aida at La Scala,118108.0,153976.752941666
6902a3f2df16f61a28048594,Multiple Genres,2000,332235.0,552902.0,1,61639.0,332235.0,61639.0,2000s,Under Suspicion,332235.0,552902.0
6902a3f2df16f61a28048596,Multiple Genres,2002,391835.0,604946.0,1,67441.0,391835.0,67441.0,2000s,Kurosawa & Mifune Festival,391835.0,604946.0
6902a3f2df16f61a28048598,Multiple Genres,2004,55134.0,79627.0,2,8877.0,27567.0,4438.5,2000s,The Animation Show,36709.0,53016.787154932
6902a3f2df16f61a28048599,Multiple Genres,2006,748135.0,1024535.0,3,114218.0,249378.33333333334,38072.666666666664,2000s,Viva Pedro,579539.0,793650.864302566
6902a3f2df16f61a2804859b,Multiple Genres,2008,508695.0,635507.0,1,70848.0,508695.0,70848.0,2000s,A Collection of 2007 Academy Award Nominated Short Films - Live Action & Animation,508695.0,635507.0
6902a3f2df16f61a2804859c,Multiple Genres,2009,644635.0,770980.0,1,85951.0,644635.0,85951.0,2000s,2009 Oscar Shorts,644635.0,770980.0
6902a3f2df16f61a2804859d,Multiple Genres,2010,1173911.0,1334584.0,3,148783.0,391303.6666666667,49594.333333333336,2010s,2010 Oscar Shorts,1018169.0,1157525.61880415
6902a3f2df16f61a2804859e,Multiple Genres,2011,1510823.0,1708946.0,4,190518.0,377705.75,47629.5,2010s,2011 Oscar Shorts,1352152.0,1529467.54966796
6902a3f2df16f61a2804859f,Multiple Genres,2012,1900200.0,2141300.0,2,238718.0,950100.0,119359.0,2010s,2012 Oscar Shorts,1702415.0,1918419.76607726
6902a3f2df16f61a280485a0,Multiple Genres,2013,2142342.0,2363685.0,1,263510.0,2142342.0,263510.0,2010s,2013 Oscar Shorts,2142342.0,2363685.0
6902a3f2df16f61a280485a1,Multiple Genres,2014,5136187.0,5639107.0,2,628663.0,2568093.5,314331.5,2010s,Saving Christmas,2778297.0,3050339.49518952
6902a3f2df16f61a280485a2,Multiple Genres,2015,2412493.0,2567026.0,1,286179.0,2412493.0,286179.0,2010s,2015 Oscar Shorts,2412493.0,2567026.0
6902a3f2df16f61a280485a3,Multiple Genres,2016,2862219.0,2968083.0,4,330890.0,715554.75,82722.5,2010s,2016 Oscar Shorts,2816816.0,2921000.69342283
6902a3f2df16f61a280485a5,Multiple Genres,2018,4787450.0,4787441.0,3,533717.0,1595816.6666666667,177905.66666666666,2010s,2018 Oscar Shorts,3508777.0,3508770.4037968
6902a3f2df16f61a280485a4,Multiple Genres,2017,4614134.0,4614114.0,5,514394.0,922826.8,102878.8,2010s,2017 Oscar Shorts,2835355.0,2835342.71013152
6902a3f2df16f61a280485a6,Reality,2014,16826.0,18469.0,1,2059.0,16826.0,2059.0,2010s,The Principle,16826.0,18469.0
6902a3f2df16f61a280485a7,Reality,2015,604870.0,643606.0,3,71751.0,201623.33333333334,23917.0,2010s,Benpao Ba! Xiongdi,309297.0,329104.443900342
6902a3f2df16f61a280485a8,Reality,2018,2027.0,2018.0,1,225.0,2027.0,225.0,2010s,The Cage Fighter,2027.0,2018.0
